-- phpMyAdmin SQL Dump
-- version 5.0.2
-- https://www.phpmyadmin.net/
--
-- Host: 127.0.0.1
-- Generation Time: Mar 13, 2021 at 06:13 AM
-- Server version: 10.4.14-MariaDB
-- PHP Version: 7.4.10

SET SQL_MODE = "NO_AUTO_VALUE_ON_ZERO";
START TRANSACTION;
SET time_zone = "+00:00";


/*!40101 SET @OLD_CHARACTER_SET_CLIENT=@@CHARACTER_SET_CLIENT */;
/*!40101 SET @OLD_CHARACTER_SET_RESULTS=@@CHARACTER_SET_RESULTS */;
/*!40101 SET @OLD_COLLATION_CONNECTION=@@COLLATION_CONNECTION */;
/*!40101 SET NAMES utf8mb4 */;

--
-- Database: `lp_tphbs`
--

-- --------------------------------------------------------

--
-- Table structure for table `kabupaten`
--

CREATE TABLE `kabupaten` (
  `id_kabupaten` int(11) NOT NULL,
  `nama_kabupaten` varchar(50) NOT NULL
) ENGINE=InnoDB DEFAULT CHARSET=latin1;

--
-- Dumping data for table `kabupaten`
--

INSERT INTO `kabupaten` (`id_kabupaten`, `nama_kabupaten`) VALUES
(1, 'Kota Yogyakarta'),
(2, 'Kabupaten Bantul'),
(3, 'Kabupaten Kulon Progo'),
(4, 'Kabupaten Sleman'),
(5, 'Kabupaten Gunungkidul');

-- --------------------------------------------------------

--
-- Table structure for table `sekolah`
--

CREATE TABLE `sekolah` (
  `id_sekolah` int(3) NOT NULL,
  `id_kabupaten` int(1) DEFAULT NULL,
  `npsn` varchar(8) DEFAULT NULL,
  `nama_sekolah` varchar(45) DEFAULT NULL,
  `id_server` int(2) DEFAULT NULL
) ENGINE=InnoDB DEFAULT CHARSET=utf8;

--
-- Dumping data for table `sekolah`
--

INSERT INTO `sekolah` (`id_sekolah`, `id_kabupaten`, `npsn`, `nama_sekolah`, `id_server`) VALUES
(1, 1, '20402796', 'SMA NEGERI 1 SENTOLO', 1),
(2, 4, '20401124', 'SMA NEGERI 1 SLEMAN', 1),
(3, 5, '20402116', 'SMA 1 SEMIN', 1),
(4, 1, '20403227', 'SMA BOPKRI 1 YOGYAKARTA', 1),
(5, 5, '20402120', 'SMA 1 PATUK', 1),
(6, 4, '20401170', 'SMA ISLAM 1 GAMPING', 1),
(7, 2, '20400402', 'SMA 17 BANTUL', 2),
(8, 5, '20407361', 'SMA 1 TANJUNGSARI', 2),
(9, 2, '20400391', 'SMA NEGERI 1 JETIS', 2),
(10, 4, '20401121', 'SMA NEGERI 1 TURI', 2),
(11, 5, '20402127', 'SMA 2 PLAYEN', 2),
(12, 3, '20402778', 'SMA NEGERI 2 WATES', 2),
(13, 2, '20400380', 'SMA NEGERI 2 BANGUNTAPAN', 2),
(14, 5, '20402039', 'SMA PEMBANGUNAN 1 WONOSARI', 3),
(15, 4, '20401146', 'SMA NEGERI 1 GODEAN', 3),
(16, 5, '20402121', 'SMA 1 PANGGANG', 3),
(17, 4, '20401131', 'SMA NEGERI 1 MINGGIR', 3),
(18, 2, '20400389', 'SMA NEGERI 3 BANTUL', 3),
(19, 3, '20402794', 'SMA NEGERI 1 WATES', 3),
(20, 2, '20400282', 'SMA MUHAMMADIYAH IMOGIRI', 3),
(21, 4, '20401122', 'SMA NEGERI 1 TEMPEL', 4),
(22, 4, '20402050', 'SMA IKIP VETERAN III TAMBAKROMO', 4),
(23, 4, '20401129', 'SMA NEGERI 1 NGAGLIK', 4),
(24, 1, '20403143', 'SMA K SANG TIMUR YOGYAKARTA', 4),
(25, 4, '20400871', 'SMA IKIP VETERAN', 4),
(26, 4, '20401125', 'SMA NEGERI 1 SEYEGAN', 4),
(27, 3, '20402804', 'SMA SANJAYA XIV NANGGULAN', 4),
(28, 2, '20400167', 'SMA BOPKRI BANGUNTAPAN', 4),
(29, 1, '20403151', 'SMA BUDYA WACANA YOGYAKARTA', 4),
(30, 2, '20400153', 'SMA MUHAMMADIYAH BANTUL', 4),
(31, 4, '20401132', 'SMA NEGERI 2 NGAGLIK', 4),
(32, 3, '20402795', 'SMA NEGERI 1 TEMON', 5),
(33, 4, '20400869', 'SMA INSTITUT INDONESIA SLEMAN', 5),
(34, 1, '20404177', 'SMA SANTO THOMAS YOGYAKARTA', 5),
(35, 1, '20404176', 'SMA PIRI 1 YOGYAKARTA', 5),
(36, 4, '69946713', 'SMA ISLAM AL AZHAR 9 YOGYAKARTA', 5),
(37, 1, 'np326623', 'SMA TUMBUH', 5),
(38, 1, '20403179', 'SMA NEGERI 4 YOGYAKARTA', 5),
(39, 4, '20401130', 'SMA NEGERI 1 MLATI', 5),
(40, 3, '20400396', 'SMA PANGUDI LUHUR SEDAYU', 5),
(41, 2, '20400398', 'SMA MUHAMMADIYAH PLERET', 5),
(42, 3, '20402805', 'SMA NEGERI 1 GALUR', 5),
(43, 1, '20403182', 'SMA BOPKRI 2 YOGYAKARTA', 5),
(44, 4, '20401165', 'SMA SANTO MIKAEL SLEMAN', 6),
(45, 4, '20401133', 'SMA NEGERI 2 SLEMAN', 6),
(46, 1, '20404178', 'SMA TAMAN MADYA JETIS YOGYAKARTA', 6),
(47, 2, '20400378', 'SMA NEGERI 1 KRETEK', 6),
(48, 2, '20400411', 'SMA MUHAMMADIYAH KASIHAN', 6),
(49, 4, '20401154', 'SMA MANDALA BHAKTI', 6),
(50, 4, '20400853', 'SMA ISLAM 3 SLEMAN', 6),
(51, 2, '20400397', 'SMA MUHAMMADIYAH SEWON', 6),
(52, 4, '69976401', 'MA AL-QODIR CANGKRINGAN SLEMAN YOGYAKARTA', 6),
(53, 3, '20411881', 'MADRASAH ALIYAH DARUL\'ULUM MUHAMMADIYAH GALUR', 6),
(54, 2, '20400395', 'SMA PATRIA BANTUL', 6),
(55, 2, '20400374', 'SMA NEGERI 1 PUNDONG', 6),
(56, 3, '20402808', 'SMA NEGERI 1 KOKAP', 6),
(57, 1, '20404174', 'SMA MUHAMMADIYAH 7 YOGYAKARTA', 6),
(58, 4, '20401147', 'SMA MUHAMMADIYAH KALASAN', 6),
(59, 5, '20402137', 'SMA 2 WONOSARI', 6),
(60, 4, '20407372', 'SMA IT BINA UMAT', 7),
(61, 4, '69941728', 'MADRASAH ALIYAH ASSALAFIYYAH', 7),
(62, 4, '20401162', 'SMA NEGERI 1 CANGKRINGAN', 7),
(63, 2, '20363268', 'MA PONDOK PESANTREN IBNUL QOYYIM PUTRA', 7),
(64, 2, '20400379', 'SMA NEGERI 1 SRANDAKAN', 7),
(65, 2, '20363272', 'MA AL-MA\'HAD AN-NUR', 7),
(66, 5, '20402117', 'SMA 1 SEMANU', 7),
(67, 4, '20400873', 'SMA DR. WAHIDIN', 7),
(68, 2, '20363262', 'MA ASY-SYIFA\' MUHAMMADIYAH', 7),
(69, 4, '60728934', 'MA DARUSSALAM', 7),
(70, 2, '20363270', 'MAN 3 BANTUL', 7),
(71, 2, '20363266', 'MA Ummatan Wasathon Imogiri', 8),
(72, 4, '60724851', 'SMA MUHAMMADIYAH BOARDING SCHOOL', 8),
(73, 3, '20402798', 'SMA MA\'ARIF WATES', 8),
(74, 1, '20403214', 'SMA BHINNEKA TUNGGAL IKA YOGYAKARTA', 8),
(75, 3, '69976398', 'MA MUHAMMADIYAH AL MANAR PENGASIH', 8),
(76, 4, '20411897', 'MAN 5 SLEMAN', 8),
(77, 2, '20400407', 'SMA NEGERI 1 BAMBANGLIPURO', 8),
(78, 4, '69941727', 'MADRASAH ALIYAH NUR IMAN SLEMAN', 8),
(79, 4, '20400865', 'SMA ANGKASA', 8),
(80, 3, '20402807', 'SMA NEGERI 1 KALIBAWANG', 8),
(81, 4, '20401160', 'SMA NEGERI 1 GAMPING', 9),
(82, 5, '20402055', 'SMA MUHAMMADIYAH AL MUJAHIDIN WONOSARI', 9),
(83, 5, '20402124', 'SMA 1 KARANGMOJO', 9),
(84, 3, '20411884', 'MAN 2 KULON PROGO', 9),
(85, 2, '20400165', 'SMA DHARMA AMILUHUR', 9),
(86, 2, '20363263', 'MAN 4 BANTUL', 9),
(87, 1, '20409895', 'SMA BINA ANAK SHOLEH', 9),
(88, 5, '20402054', 'SMA PEMBANGUNAN 3 PONJONG', 9),
(89, 4, '20411889', 'MAN 1 SLEMAN', 9),
(90, 1, '20403140', 'SMA PERAK YOGYAKARTA', 10),
(91, 3, '20402809', 'SMA NEGERI 1 LENDAH', 10),
(92, 4, '20411886', 'MAN 2 SLEMAN', 10),
(93, 4, '20401155', 'SMA KOLOMBO SLEMAN', 10),
(94, 1, '20403172', 'SMA TAMAN MADYA IBU PAWIYATAN YOGYAKARTA', 10),
(95, 2, '20400392', 'SMA PGRI I KASIHAN', 10),
(96, 1, '20363281', 'MA NURUL UMMAH YOGYAKARTA', 10),
(97, 1, '20403147', 'SMA MUHAMMADIYAH 5 YOGYAKARTA', 10),
(98, 5, '20402057', 'SMA MUHAMMADIYAH PONJONG', 10),
(99, 2, '69976400', 'MA JAMILURRAHMAN', 10),
(100, 3, '69976399', 'MA MA\'ARIF NURUL HAROMAIN', 10),
(101, 5, '20402119', 'SMA 1 PLAYEN', 10),
(102, 4, '20409801', 'SMA BUDI MULIA DUA', 10),
(103, 4, '69849446', 'MA IBNU SINA', 10),
(104, 2, '60728794', 'MA UNGGULAN AL-IMDAD', 10),
(105, 3, '20402800', 'SMA MUHAMMADIYAH WATES', 11),
(106, 2, '69983972', 'MA AL MAHALLI', 11),
(107, 2, '20400399', 'SMA MUHAMMADIYAH PIYUNGAN', 11),
(108, 1, '20363282', 'MAN 2 YOGYAKARTA', 11),
(109, 4, '20411890', 'MA RAUDHATUL MUTTAQIEN', 11),
(110, 1, '20400872', 'SMA GAMA YOGYAKARTA', 11),
(111, 3, '20402810', 'SMA NEGERI 1 PENGASIH', 11),
(112, 1, '20363279', 'MA MUHAMMADIYAH 1 YOGYAKARTA', 11),
(113, 3, '20402811', 'SMA NEGERI 1 SAMIGALUH', 11),
(114, 3, '20411882', 'MAN 3 KULON PROGO', 11),
(115, 4, '20401158', 'SMA MUHAMMADIYAH MLATI', 11),
(116, 4, '20411893', 'MA Taruna Al Qur\'an', 11),
(117, 1, '20404169', 'SMA \'17\' YOGYAKARTA', 11),
(118, 2, '69944551', 'SMA SAINS WAHID HASYIM', 11),
(119, 3, '69976397', 'MA AL ICHSAN NANGGULAN', 11),
(120, 1, '20403154', 'SMA GOTONG ROYONG YOGYAKARTA', 11),
(121, 2, '20363269', 'MA ISLAMIC CENTRE BIN BAZ', 12),
(122, 2, '20363271', 'MA ALI MAKSUM', 12),
(123, 2, '69941725', 'MA MADANIA BANTUL', 12),
(124, 4, '20411885', 'MA IBNUL QOYYIM', 12),
(125, 4, '20401156', 'SMA KOLESE DE BRITTO', 12),
(126, 5, '20363274', 'MA MA\'ARIF NGLIPAR', 12),
(127, 4, '20401151', 'SMA MUHAMMADIYAH 1 SLEMAN', 12),
(128, 1, '20403162', 'SMA NEGERI 9 YOGYAKARTA', 12),
(129, 4, '20411896', 'MA RADEN FATAH', 13),
(130, 4, '20401152', 'SMA MUHAMMADIYAH 1 PRAMBANAN', 13),
(131, 2, '69955742', 'MA MAFAZA', 13),
(132, 4, '20400870', 'SMA IMMANUEL KALASAN', 13),
(133, 5, '20402060', 'SMA MUHAMMADIYAH NGAWEN', 13),
(134, 5, '20363275', 'MA YAPPI GUBUKRUBUH', 13),
(135, 5, '20401986', 'SMA PGRI PLAYEN GUNUNGKIDUL', 13),
(136, 3, '20402801', 'SMA MUHAMMADIYAH AL MANAR GALUR', 13),
(137, 2, '20400373', 'SMA NEGERI 1 SANDEN', 13),
(138, 2, '20411887', 'MA WAHID HASYIM', 13),
(139, 5, '20402041', 'SMA DOMINIKUS WONOSARI', 13),
(140, 4, '20411895', 'MAN 4 SLEMAN', 13),
(141, 4, '69880393', 'SMA YOGYAKARTA INDEPENDENT SCHOOL', 13),
(142, 5, '20402052', 'SMA PEMBANGUNAN 2 KARANGMOJO', 13),
(143, 4, '20401153', 'SMA MA`ARIF 1 SLEMAN', 13),
(144, 1, '20403159', 'SMA SULTAN AGUNG YOGYAKARTA', 13),
(145, 4, '20411894', 'MA HIDAYATULLAH', 13),
(146, 4, '69983973', 'MA MIFTAHUNNAJAH', 13),
(147, 4, '69941726', 'MA MA\'ARIF DARUSSHOLIHIN', 13),
(148, 4, '69878985', 'SMTK KADESI YOGYAKARTA', 13);

-- --------------------------------------------------------

--
-- Table structure for table `server`
--

CREATE TABLE `server` (
  `id_server` int(2) NOT NULL,
  `url_server` varchar(128) DEFAULT NULL
) ENGINE=InnoDB DEFAULT CHARSET=utf8;

--
-- Dumping data for table `server`
--

INSERT INTO `server` (`id_server`, `url_server`) VALUES
(1, 'https://cbt1.jogjacbt.web.id'),
(2, 'https://cbt2.jogjacbt.web.id'),
(3, 'https://cbt3.jogjacbt.web.id'),
(4, 'https://cbt4.jogjacbt.web.id'),
(5, 'https://cbt5.jogjacbt.web.id'),
(6, 'https://cbt6.jogjacbt.web.id'),
(7, 'https://cbt7.jogjacbt.web.id'),
(8, 'https://cbt8.jogjacbt.web.id'),
(9, 'https://cbt9.jogjacbt.web.id'),
(10, 'https://cbt10.jogjacbt.web.id'),
(11, 'https://cbt11.jogjacbt.web.id'),
(12, 'https://cbt12.jogjacbt.web.id'),
(13, 'https://cbt13.jogjacbt.web.id');

--
-- Indexes for dumped tables
--

--
-- Indexes for table `kabupaten`
--
ALTER TABLE `kabupaten`
  ADD PRIMARY KEY (`id_kabupaten`);

--
-- Indexes for table `sekolah`
--
ALTER TABLE `sekolah`
  ADD PRIMARY KEY (`id_sekolah`);

--
-- Indexes for table `server`
--
ALTER TABLE `server`
  ADD PRIMARY KEY (`id_server`);

--
-- AUTO_INCREMENT for dumped tables
--

--
-- AUTO_INCREMENT for table `kabupaten`
--
ALTER TABLE `kabupaten`
  MODIFY `id_kabupaten` int(11) NOT NULL AUTO_INCREMENT, AUTO_INCREMENT=6;

--
-- AUTO_INCREMENT for table `sekolah`
--
ALTER TABLE `sekolah`
  MODIFY `id_sekolah` int(3) NOT NULL AUTO_INCREMENT, AUTO_INCREMENT=149;

--
-- AUTO_INCREMENT for table `server`
--
ALTER TABLE `server`
  MODIFY `id_server` int(2) NOT NULL AUTO_INCREMENT, AUTO_INCREMENT=14;
COMMIT;

/*!40101 SET CHARACTER_SET_CLIENT=@OLD_CHARACTER_SET_CLIENT */;
/*!40101 SET CHARACTER_SET_RESULTS=@OLD_CHARACTER_SET_RESULTS */;
/*!40101 SET COLLATION_CONNECTION=@OLD_COLLATION_CONNECTION */;
